subject,block_number,block_type,task_type,deviant_position,trial_number,trial_type,trial_looking_time,stimulus_displayed,task_question_type,task_question_response
SS1630946047579,1,simple_dissimilar,curiosity,6,1,background,5662,images/stimuli/simple_09_A_a.gif,curiosity_novel,1
SS1630946047579,1,simple_dissimilar,curiosity,6,2,background,2829,images/stimuli/simple_09_A_a.gif,curiosity_novel,1
SS1630946047579,1,simple_dissimilar,curiosity,6,3,background,1249,images/stimuli/simple_09_A_a.gif,curiosity_novel,1
SS1630946047579,1,simple_dissimilar,curiosity,6,4,background,589,images/stimuli/simple_09_A_a.gif,curiosity_novel,1
SS1630948755198,1,complex_dissimilar,curiosity,6,1,background,5095.800000011921,images/stimuli/complex_08_A_a.gif,curiosity_novel,2
SS1630948755198,1,complex_dissimilar,curiosity,6,2,background,5436.5,images/stimuli/complex_08_A_a.gif,curiosity_novel,2
SS1630948755198,1,complex_dissimilar,curiosity,6,3,background,4220.200000017881,images/stimuli/complex_08_A_a.gif,curiosity_novel,2
SS1630948755198,1,complex_dissimilar,curiosity,6,4,background,7382.200000017881,images/stimuli/complex_08_A_a.gif,curiosity_novel,2
SS1630948818400,1,simple_dissimilar,curiosity,4,1,background,1621,images/stimuli/simple_15_A_a.gif,curiosity_novel,3
SS1630948818400,1,simple_dissimilar,curiosity,4,2,background,528,images/stimuli/simple_15_A_a.gif,curiosity_novel,3
SS1630949011055,1,simple_dissimilar,curiosity,4,1,background,10979.100000023842,images/stimuli/simple_04_A_a.gif,curiosity_background,1
SS1630949011055,1,simple_dissimilar,curiosity,4,2,background,13424,images/stimuli/simple_04_A_a.gif,curiosity_background,1
SS1630950295124,1,complex_dissimilar,curiosity,4,1,background,9376.5,images/stimuli/complex_10_A_a.gif,curiosity_background,0
SS1630950295124,1,complex_dissimilar,curiosity,4,2,background,9713.80000001192,images/stimuli/complex_10_A_a.gif,curiosity_background,0
SS1630950434896,1,simple_dissimilar,curiosity,6,1,background,6418,images/stimuli/simple_18_A_a.gif,curiosity_novel,2
SS1630950434896,1,simple_dissimilar,curiosity,6,2,background,4943,images/stimuli/simple_18_A_a.gif,curiosity_novel,2
SS1630950434896,1,simple_dissimilar,curiosity,6,3,background,4910,images/stimuli/simple_18_A_a.gif,curiosity_novel,2
SS1630950434896,1,simple_dissimilar,curiosity,6,4,background,3861,images/stimuli/simple_18_A_a.gif,curiosity_novel,2
SS1630950810787,1,simple_dissimilar,curiosity,4,1,background,8118.5,images/stimuli/simple_03_A_a.gif,curiosity_background,2
SS1630950810787,1,simple_dissimilar,curiosity,4,2,background,9134.90000000596,images/stimuli/simple_03_A_a.gif,curiosity_background,2
SS1630951133808,1,simple_dissimilar,curiosity,6,1,background,9211.5,images/stimuli/simple_12_A_a.gif,curiosity_background,2
SS1630951133808,1,simple_dissimilar,curiosity,6,2,background,6197.5999999940395,images/stimuli/simple_12_A_a.gif,curiosity_background,2
SS1630951133808,1,simple_dissimilar,curiosity,6,3,background,5825.300000011921,images/stimuli/simple_12_A_a.gif,curiosity_background,2
SS1630951133808,1,simple_dissimilar,curiosity,6,4,background,3139.300000011921,images/stimuli/simple_12_A_a.gif,curiosity_background,2
SS1630951290582,1,simple_dissimilar,curiosity,6,1,background,4523.299999952316,images/stimuli/simple_12_A_a.gif,curiosity_novel,2
SS1630951290582,1,simple_dissimilar,curiosity,6,2,background,4046.800000190735,images/stimuli/simple_12_A_a.gif,curiosity_novel,2
SS1630951290582,1,simple_dissimilar,curiosity,6,3,background,5205.600000143051,images/stimuli/simple_12_A_a.gif,curiosity_novel,2
SS1630951290582,1,simple_dissimilar,curiosity,6,4,background,3744.900000095367,images/stimuli/simple_12_A_a.gif,curiosity_novel,2
SS1630951297610,1,simple_dissimilar,curiosity,6,1,background,9579.39999999106,images/stimuli/simple_14_A_a.gif,curiosity_background,1
SS1630951297610,1,simple_dissimilar,curiosity,6,2,background,7655.199999988079,images/stimuli/simple_14_A_a.gif,curiosity_background,1
SS1630951297610,1,simple_dissimilar,curiosity,6,3,background,6119,images/stimuli/simple_14_A_a.gif,curiosity_background,1
SS1630951297610,1,simple_dissimilar,curiosity,6,4,background,6378.70000000298,images/stimuli/simple_14_A_a.gif,curiosity_background,1
SS1630951339331,1,complex_dissimilar,curiosity,6,1,background,6797.099999964237,images/stimuli/complex_20_A_a.gif,curiosity_novel,3
SS1630951339331,1,complex_dissimilar,curiosity,6,2,background,3448.100000023842,images/stimuli/complex_20_A_a.gif,curiosity_novel,3
SS1630951339331,1,complex_dissimilar,curiosity,6,3,background,5739.399999976158,images/stimuli/complex_20_A_a.gif,curiosity_novel,3
SS1630951339331,1,complex_dissimilar,curiosity,6,4,background,4267.199999988079,images/stimuli/complex_20_A_a.gif,curiosity_novel,3
SS1630951466070,1,complex_dissimilar,curiosity,6,1,background,1845.5,images/stimuli/complex_19_A_a.gif,curiosity_novel,2
SS1630951466070,1,complex_dissimilar,curiosity,6,2,background,928.1999999880792,images/stimuli/complex_19_A_a.gif,curiosity_novel,2
SS1630951466070,1,complex_dissimilar,curiosity,6,3,background,1385.300000011921,images/stimuli/complex_19_A_a.gif,curiosity_novel,2
SS1630951466070,1,complex_dissimilar,curiosity,6,4,background,1007,images/stimuli/complex_19_A_a.gif,curiosity_novel,2
SS1630951471938,1,complex_dissimilar,curiosity,6,1,background,6280,images/stimuli/complex_15_A_a.gif,curiosity_background,3
SS1630951471938,1,complex_dissimilar,curiosity,6,2,background,4681.000000000029,images/stimuli/complex_15_A_a.gif,curiosity_background,3
SS1630951471938,1,complex_dissimilar,curiosity,6,3,background,4703,images/stimuli/complex_15_A_a.gif,curiosity_background,3
SS1630951471938,1,complex_dissimilar,curiosity,6,4,background,5993,images/stimuli/complex_15_A_a.gif,curiosity_background,3
SS1630951578437,1,complex_dissimilar,curiosity,4,1,background,5780.10000000149,images/stimuli/complex_15_A_a.gif,curiosity_novel,2
SS1630951578437,1,complex_dissimilar,curiosity,4,2,background,5049.39999999851,images/stimuli/complex_15_A_a.gif,curiosity_novel,2
SS1630951767439,1,simple_dissimilar,curiosity,6,1,background,3406,images/stimuli/simple_15_A_a.gif,curiosity_novel,2
SS1630951767439,1,simple_dissimilar,curiosity,6,2,background,2631,images/stimuli/simple_15_A_a.gif,curiosity_novel,2
SS1630951767439,1,simple_dissimilar,curiosity,6,3,background,2339,images/stimuli/simple_15_A_a.gif,curiosity_novel,2
SS1630951767439,1,simple_dissimilar,curiosity,6,4,background,2601,images/stimuli/simple_15_A_a.gif,curiosity_novel,2
SS1630951828892,1,complex_dissimilar,curiosity,4,1,background,3502.699999999255,images/stimuli/complex_15_A_a.gif,curiosity_novel,1
SS1630951828892,1,complex_dissimilar,curiosity,4,2,background,4039.699999999255,images/stimuli/complex_15_A_a.gif,curiosity_novel,1
SS1630952161025,1,simple_dissimilar,curiosity,6,1,background,1550,images/stimuli/simple_02_A_a.gif,curiosity_novel,3
SS1630952161025,1,simple_dissimilar,curiosity,6,2,background,523,images/stimuli/simple_02_A_a.gif,curiosity_novel,3
SS1630952161025,1,simple_dissimilar,curiosity,6,3,background,1067,images/stimuli/simple_02_A_a.gif,curiosity_novel,3
SS1630952161025,1,simple_dissimilar,curiosity,6,4,background,1201,images/stimuli/simple_02_A_a.gif,curiosity_novel,3
SS1630952224427,1,simple_dissimilar,curiosity,4,1,background,5688,images/stimuli/simple_08_A_a.gif,curiosity_novel,3
SS1630952224427,1,simple_dissimilar,curiosity,4,2,background,2759,images/stimuli/simple_08_A_a.gif,curiosity_novel,3
SS1630952271154,1,complex_dissimilar,curiosity,4,1,background,2014.39999999851,images/stimuli/complex_12_A_a.gif,curiosity_background,2
SS1630952271154,1,complex_dissimilar,curiosity,4,2,background,2325.800000000745,images/stimuli/complex_12_A_a.gif,curiosity_background,2
SS1630952295180,1,complex_dissimilar,curiosity,6,1,background,7651.599999964237,images/stimuli/complex_14_A_a.gif,curiosity_background,2
SS1630952295180,1,complex_dissimilar,curiosity,6,2,background,7185.300000011921,images/stimuli/complex_14_A_a.gif,curiosity_background,2
SS1630952295180,1,complex_dissimilar,curiosity,6,3,background,6831.800000011921,images/stimuli/complex_14_A_a.gif,curiosity_background,2
SS1630952295180,1,complex_dissimilar,curiosity,6,4,background,4937.099999964237,images/stimuli/complex_14_A_a.gif,curiosity_background,2
SS1630952322184,1,complex_dissimilar,curiosity,4,1,background,15681.5,images/stimuli/complex_08_A_a.gif,curiosity_novel,3
SS1630952322184,1,complex_dissimilar,curiosity,4,2,background,1936.399999976158,images/stimuli/complex_08_A_a.gif,curiosity_novel,3
SS1630952381393,1,complex_dissimilar,curiosity,4,1,background,817,images/stimuli/complex_18_A_a.gif,curiosity_background,4
SS1630952381393,1,complex_dissimilar,curiosity,4,2,background,1978,images/stimuli/complex_18_A_a.gif,curiosity_background,4
SS1630952435679,1,simple_dissimilar,curiosity,4,1,background,5219.100000023842,images/stimuli/simple_05_A_a.gif,curiosity_novel,1
SS1630952435679,1,simple_dissimilar,curiosity,4,2,background,5154.800000011921,images/stimuli/simple_05_A_a.gif,curiosity_novel,1
SS1630952470116,1,complex_dissimilar,curiosity,4,1,background,8163.600000008941,images/stimuli/complex_13_A_a.gif,curiosity_background,2
SS1630952470116,1,complex_dissimilar,curiosity,4,2,background,6860.9000000059605,images/stimuli/complex_13_A_a.gif,curiosity_background,2
SS1630952524765,1,simple_dissimilar,curiosity,6,1,background,4325.399999976158,images/stimuli/simple_07_A_a.gif,curiosity_background,2
SS1630952524765,1,simple_dissimilar,curiosity,6,2,background,6236.800000011921,images/stimuli/simple_07_A_a.gif,curiosity_background,2
SS1630952524765,1,simple_dissimilar,curiosity,6,3,background,3773.199999988079,images/stimuli/simple_07_A_a.gif,curiosity_background,2
SS1630952524765,1,simple_dissimilar,curiosity,6,4,background,1387.5999999642372,images/stimuli/simple_07_A_a.gif,curiosity_background,2
SS1630952541828,1,simple_dissimilar,curiosity,6,1,background,11379.10000000149,images/stimuli/simple_15_A_a.gif,curiosity_background,1
SS1630952541828,1,simple_dissimilar,curiosity,6,2,background,7276.19999999553,images/stimuli/simple_15_A_a.gif,curiosity_background,1
SS1630952541828,1,simple_dissimilar,curiosity,6,3,background,8968,images/stimuli/simple_15_A_a.gif,curiosity_background,1
SS1630952541828,1,simple_dissimilar,curiosity,6,4,background,5094.30000000447,images/stimuli/simple_15_A_a.gif,curiosity_background,1
SS1630952617003,1,simple_dissimilar,curiosity,6,1,background,7333,images/stimuli/simple_11_A_a.gif,curiosity_novel,2
SS1630952617003,1,simple_dissimilar,curiosity,6,2,background,8464,images/stimuli/simple_11_A_a.gif,curiosity_novel,2
SS1630952617003,1,simple_dissimilar,curiosity,6,3,background,6689,images/stimuli/simple_11_A_a.gif,curiosity_novel,2
SS1630952617003,1,simple_dissimilar,curiosity,6,4,background,29153,images/stimuli/simple_11_A_a.gif,curiosity_novel,2
SS1630952766318,1,complex_dissimilar,curiosity,6,1,background,3450,images/stimuli/complex_13_A_a.gif,curiosity_novel,3
SS1630952766318,1,complex_dissimilar,curiosity,6,2,background,3055,images/stimuli/complex_13_A_a.gif,curiosity_novel,3
SS1630952766318,1,complex_dissimilar,curiosity,6,3,background,1109,images/stimuli/complex_13_A_a.gif,curiosity_novel,3
SS1630952766318,1,complex_dissimilar,curiosity,6,4,background,5609,images/stimuli/complex_13_A_a.gif,curiosity_novel,3
SS1630952800043,1,complex_dissimilar,curiosity,4,1,background,9665.899999976158,images/stimuli/complex_01_A_a.gif,curiosity_background,3
SS1630952800043,1,complex_dissimilar,curiosity,4,2,background,8116.800000011921,images/stimuli/complex_01_A_a.gif,curiosity_background,3
SS1630952826677,1,complex_dissimilar,curiosity,6,1,background,3648.5,images/stimuli/complex_19_A_a.gif,curiosity_novel,1
SS1630952826677,1,complex_dissimilar,curiosity,6,2,background,534,images/stimuli/complex_19_A_a.gif,curiosity_novel,1
SS1630952826677,1,complex_dissimilar,curiosity,6,3,background,599.3999999761581,images/stimuli/complex_19_A_a.gif,curiosity_novel,1
SS1630952826677,1,complex_dissimilar,curiosity,6,4,background,733,images/stimuli/complex_19_A_a.gif,curiosity_novel,1
SS1630952867481,1,simple_dissimilar,curiosity,6,1,background,11256,images/stimuli/simple_01_A_a.gif,curiosity_novel,1
SS1630952867481,1,simple_dissimilar,curiosity,6,2,background,5902,images/stimuli/simple_01_A_a.gif,curiosity_novel,1
SS1630952867481,1,simple_dissimilar,curiosity,6,3,background,8886,images/stimuli/simple_01_A_a.gif,curiosity_novel,1
SS1630952867481,1,simple_dissimilar,curiosity,6,4,background,4454,images/stimuli/simple_01_A_a.gif,curiosity_novel,1
SS1630953207559,1,simple_dissimilar,curiosity,4,1,background,2546.599999904633,images/stimuli/simple_08_A_a.gif,curiosity_background,3
SS1630953207559,1,simple_dissimilar,curiosity,4,2,background,1367.6999999284744,images/stimuli/simple_08_A_a.gif,curiosity_background,3
SS1630953441889,1,complex_dissimilar,curiosity,4,1,background,6911.5,images/stimuli/complex_17_A_a.gif,curiosity_novel,0
SS1630953441889,1,complex_dissimilar,curiosity,4,2,background,6077.700000286102,images/stimuli/complex_17_A_a.gif,curiosity_novel,0
SS1630953471980,1,simple_dissimilar,curiosity,4,1,background,9729.800000190737,images/stimuli/simple_01_A_a.gif,curiosity_background,1
SS1630953471980,1,simple_dissimilar,curiosity,4,2,background,6163.5,images/stimuli/simple_01_A_a.gif,curiosity_background,1
SS1630953494168,1,simple_dissimilar,curiosity,4,1,background,6309,images/stimuli/simple_11_A_a.gif,curiosity_novel,3
SS1630953494168,1,simple_dissimilar,curiosity,4,2,background,5447,images/stimuli/simple_11_A_a.gif,curiosity_novel,3
SS1630953498093,1,simple_dissimilar,curiosity,6,1,background,9575,images/stimuli/simple_01_A_a.gif,curiosity_background,1
SS1630953498093,1,simple_dissimilar,curiosity,6,2,background,4173.600000023842,images/stimuli/simple_01_A_a.gif,curiosity_background,1
SS1630953498093,1,simple_dissimilar,curiosity,6,3,background,6526,images/stimuli/simple_01_A_a.gif,curiosity_background,1
SS1630953498093,1,simple_dissimilar,curiosity,6,4,background,6467.800000071526,images/stimuli/simple_01_A_a.gif,curiosity_background,1
SS1630953505629,1,simple_dissimilar,curiosity,4,1,background,2310.599999904633,images/stimuli/simple_07_A_a.gif,curiosity_background,2
SS1630953505629,1,simple_dissimilar,curiosity,4,2,background,3911.5,images/stimuli/simple_07_A_a.gif,curiosity_background,2
SS1630953542990,1,simple_dissimilar,curiosity,6,1,background,10701.899999976158,images/stimuli/simple_01_A_a.gif,curiosity_background,3
SS1630953542990,1,simple_dissimilar,curiosity,6,2,background,1823.7000000476835,images/stimuli/simple_01_A_a.gif,curiosity_background,3
SS1630953542990,1,simple_dissimilar,curiosity,6,3,background,2062.100000023842,images/stimuli/simple_01_A_a.gif,curiosity_background,3
SS1630953542990,1,simple_dissimilar,curiosity,6,4,background,970.399999976158,images/stimuli/simple_01_A_a.gif,curiosity_background,3
SS1630953554290,1,simple_dissimilar,curiosity,6,1,background,1072.7000000029802,images/stimuli/simple_01_A_a.gif,curiosity_novel,4
SS1630953554290,1,simple_dissimilar,curiosity,6,2,background,893.6000000014901,images/stimuli/simple_01_A_a.gif,curiosity_novel,4
SS1630953554290,1,simple_dissimilar,curiosity,6,3,background,1963,images/stimuli/simple_01_A_a.gif,curiosity_novel,4
SS1630953554290,1,simple_dissimilar,curiosity,6,4,background,579.6999999955297,images/stimuli/simple_01_A_a.gif,curiosity_novel,4
SS1630953710776,1,simple_dissimilar,curiosity,6,1,background,8329.099999904633,images/stimuli/simple_12_A_a.gif,curiosity_background,4
SS1630953710776,1,simple_dissimilar,curiosity,6,2,background,6604.400000095367,images/stimuli/simple_12_A_a.gif,curiosity_background,4
SS1630953710776,1,simple_dissimilar,curiosity,6,3,background,8076.299999952316,images/stimuli/simple_12_A_a.gif,curiosity_background,4
SS1630953710776,1,simple_dissimilar,curiosity,6,4,background,8909.299999952316,images/stimuli/simple_12_A_a.gif,curiosity_background,4
SS1630953802556,1,simple_dissimilar,curiosity,6,1,background,5478,images/stimuli/simple_13_A_a.gif,curiosity_novel,3
SS1630953802556,1,simple_dissimilar,curiosity,6,2,background,5419,images/stimuli/simple_13_A_a.gif,curiosity_novel,3
SS1630953802556,1,simple_dissimilar,curiosity,6,3,background,6028,images/stimuli/simple_13_A_a.gif,curiosity_novel,3
SS1630953802556,1,simple_dissimilar,curiosity,6,4,background,4912,images/stimuli/simple_13_A_a.gif,curiosity_novel,3
SS1630953874745,1,complex_dissimilar,curiosity,6,1,background,12804.100000143051,images/stimuli/complex_19_A_a.gif,curiosity_background,4
SS1630953874745,1,complex_dissimilar,curiosity,6,2,background,9339.299999952316,images/stimuli/complex_19_A_a.gif,curiosity_background,4
SS1630953874745,1,complex_dissimilar,curiosity,6,3,background,4503.5,images/stimuli/complex_19_A_a.gif,curiosity_background,4
SS1630953874745,1,complex_dissimilar,curiosity,6,4,background,7661.400000095367,images/stimuli/complex_19_A_a.gif,curiosity_background,4
SS1630953883201,1,simple_dissimilar,curiosity,6,1,background,11069.5,images/stimuli/simple_14_A_a.gif,curiosity_background,1
SS1630953883201,1,simple_dissimilar,curiosity,6,2,background,28085.799999713898,images/stimuli/simple_14_A_a.gif,curiosity_background,1
SS1630953883201,1,simple_dissimilar,curiosity,6,3,background,14334.400000095367,images/stimuli/simple_14_A_a.gif,curiosity_background,1
SS1630953883201,1,simple_dissimilar,curiosity,6,4,background,5878.10000038147,images/stimuli/simple_14_A_a.gif,curiosity_background,1
SS1630953940846,1,complex_dissimilar,curiosity,4,1,background,14756.400000095367,images/stimuli/complex_02_A_a.gif,curiosity_background,3
SS1630953940846,1,complex_dissimilar,curiosity,4,2,background,3963.799999952316,images/stimuli/complex_02_A_a.gif,curiosity_background,3
SS1630953946267,1,simple_dissimilar,curiosity,4,1,background,11386.40000000596,images/stimuli/simple_04_A_a.gif,curiosity_background,2
SS1630953946267,1,simple_dissimilar,curiosity,4,2,background,9220.09999999404,images/stimuli/simple_04_A_a.gif,curiosity_background,2
SS1630954072972,1,complex_dissimilar,curiosity,4,1,background,2297.2000000476837,images/stimuli/complex_04_A_a.gif,curiosity_background,3
SS1630954072972,1,complex_dissimilar,curiosity,4,2,background,3852.399999856949,images/stimuli/complex_04_A_a.gif,curiosity_background,3
SS1630954167514,1,complex_dissimilar,curiosity,4,1,background,32286.599999904633,images/stimuli/complex_13_A_a.gif,curiosity_novel,1
SS1630954167514,1,complex_dissimilar,curiosity,4,2,background,8392.200000047684,images/stimuli/complex_13_A_a.gif,curiosity_novel,1
SS1630954313784,1,simple_dissimilar,curiosity,4,1,background,8799.89999999851,images/stimuli/simple_15_A_a.gif,curiosity_background,2
SS1630954313784,1,simple_dissimilar,curiosity,4,2,background,3359.39999999851,images/stimuli/simple_15_A_a.gif,curiosity_background,2
SS1630954348988,1,complex_dissimilar,curiosity,4,1,background,5818,images/stimuli/complex_11_A_a.gif,curiosity_background,3
SS1630954348988,1,complex_dissimilar,curiosity,4,2,background,1520,images/stimuli/complex_11_A_a.gif,curiosity_background,3
SS1630954375072,1,complex_dissimilar,curiosity,6,1,background,6655.10000000149,images/stimuli/complex_08_A_a.gif,curiosity_novel,2
SS1630954375072,1,complex_dissimilar,curiosity,6,2,background,3896.2999999988824,images/stimuli/complex_08_A_a.gif,curiosity_novel,2
SS1630954375072,1,complex_dissimilar,curiosity,6,3,background,2729.699999999255,images/stimuli/complex_08_A_a.gif,curiosity_novel,2
SS1630954375072,1,complex_dissimilar,curiosity,6,4,background,7047.10000000149,images/stimuli/complex_08_A_a.gif,curiosity_novel,2
SS1630954393348,1,complex_dissimilar,curiosity,4,1,background,12221.5,images/stimuli/complex_20_A_a.gif,curiosity_background,3
SS1630954393348,1,complex_dissimilar,curiosity,4,2,background,5390.5,images/stimuli/complex_20_A_a.gif,curiosity_background,3
SS1630954481966,1,complex_dissimilar,curiosity,6,1,background,4059.400000005961,images/stimuli/complex_04_A_a.gif,curiosity_background,2
SS1630954481966,1,complex_dissimilar,curiosity,6,2,background,1009.7999999970198,images/stimuli/complex_04_A_a.gif,curiosity_background,2
SS1630954481966,1,complex_dissimilar,curiosity,6,3,background,2990,images/stimuli/complex_04_A_a.gif,curiosity_background,2
SS1630954481966,1,complex_dissimilar,curiosity,6,4,background,2658.70000000298,images/stimuli/complex_04_A_a.gif,curiosity_background,2
SS1630954497385,1,complex_dissimilar,curiosity,4,1,background,5884.399999976158,images/stimuli/complex_20_A_a.gif,curiosity_background,2
SS1630954497385,1,complex_dissimilar,curiosity,4,2,background,3664.5,images/stimuli/complex_20_A_a.gif,curiosity_background,2
SS1630954527405,1,complex_dissimilar,curiosity,6,1,background,9585.399999976158,images/stimuli/complex_20_A_a.gif,curiosity_background,3
SS1630954527405,1,complex_dissimilar,curiosity,6,2,background,6470.600000023842,images/stimuli/complex_20_A_a.gif,curiosity_background,3
SS1630954527405,1,complex_dissimilar,curiosity,6,3,background,10285.899999976158,images/stimuli/complex_20_A_a.gif,curiosity_background,3
SS1630954527405,1,complex_dissimilar,curiosity,6,4,background,7790.600000023842,images/stimuli/complex_20_A_a.gif,curiosity_background,3
SS1630954625278,1,complex_dissimilar,curiosity,6,1,background,9258.800000000048,images/stimuli/complex_09_A_a.gif,curiosity_background,1
SS1630954625278,1,complex_dissimilar,curiosity,6,2,background,6000.5,images/stimuli/complex_09_A_a.gif,curiosity_background,1
SS1630954625278,1,complex_dissimilar,curiosity,6,3,background,6580.699999999953,images/stimuli/complex_09_A_a.gif,curiosity_background,1
SS1630954625278,1,complex_dissimilar,curiosity,6,4,background,5548.800000000047,images/stimuli/complex_09_A_a.gif,curiosity_background,1
SS1630954717126,1,simple_dissimilar,curiosity,4,1,background,4563.9000000059605,images/stimuli/simple_14_A_a.gif,curiosity_novel,4
SS1630954717126,1,simple_dissimilar,curiosity,4,2,background,9168.09999999404,images/stimuli/simple_14_A_a.gif,curiosity_novel,4
SS1630954760267,1,complex_dissimilar,curiosity,4,1,background,4558.0999999940395,images/stimuli/complex_10_A_a.gif,curiosity_novel,2
SS1630954760267,1,complex_dissimilar,curiosity,4,2,background,2930.89999999851,images/stimuli/complex_10_A_a.gif,curiosity_novel,2
SS1630954762415,1,complex_dissimilar,curiosity,4,1,background,6134,images/stimuli/complex_20_A_a.gif,curiosity_novel,0
SS1630954762415,1,complex_dissimilar,curiosity,4,2,background,2412,images/stimuli/complex_20_A_a.gif,curiosity_novel,0
SS1630954787275,1,complex_dissimilar,curiosity,6,1,background,4042.5,images/stimuli/complex_06_A_a.gif,curiosity_background,4
SS1630954787275,1,complex_dissimilar,curiosity,6,2,background,6679.799999952316,images/stimuli/complex_06_A_a.gif,curiosity_background,4
SS1630954787275,1,complex_dissimilar,curiosity,6,3,background,6891.100000023842,images/stimuli/complex_06_A_a.gif,curiosity_background,4
SS1630954787275,1,complex_dissimilar,curiosity,6,4,background,5933.300000011921,images/stimuli/complex_06_A_a.gif,curiosity_background,4
SS1630954828983,1,simple_dissimilar,curiosity,6,1,background,15860,images/stimuli/simple_18_A_a.gif,curiosity_novel,1
SS1630954828983,1,simple_dissimilar,curiosity,6,2,background,4929.300000011921,images/stimuli/simple_18_A_a.gif,curiosity_novel,1
SS1630954828983,1,simple_dissimilar,curiosity,6,3,background,3838.399999976158,images/stimuli/simple_18_A_a.gif,curiosity_novel,1
SS1630954828983,1,simple_dissimilar,curiosity,6,4,background,8593.599999964237,images/stimuli/simple_18_A_a.gif,curiosity_novel,1
SS1630954902838,1,complex_dissimilar,curiosity,6,1,background,3518.699999988079,images/stimuli/complex_15_A_a.gif,curiosity_novel,3
SS1630954902838,1,complex_dissimilar,curiosity,6,2,background,8476.300000011921,images/stimuli/complex_15_A_a.gif,curiosity_novel,3
SS1630954902838,1,complex_dissimilar,curiosity,6,3,background,6090,images/stimuli/complex_15_A_a.gif,curiosity_novel,3
SS1630954902838,1,complex_dissimilar,curiosity,6,4,background,5537,images/stimuli/complex_15_A_a.gif,curiosity_novel,3
SS1630954979271,1,simple_dissimilar,curiosity,4,1,background,4361,images/stimuli/simple_16_A_a.gif,curiosity_background,1
SS1630954979271,1,simple_dissimilar,curiosity,4,2,background,3236,images/stimuli/simple_16_A_a.gif,curiosity_background,1
SS1630955002012,1,complex_dissimilar,curiosity,4,1,background,2683.2999999821186,images/stimuli/complex_17_A_a.gif,curiosity_background,3
SS1630955002012,1,complex_dissimilar,curiosity,4,2,background,2267.5,images/stimuli/complex_17_A_a.gif,curiosity_background,3
SS1630955017066,1,simple_dissimilar,curiosity,4,1,background,1325,images/stimuli/simple_08_A_a.gif,curiosity_novel,3
SS1630955017066,1,simple_dissimilar,curiosity,4,2,background,5042,images/stimuli/simple_08_A_a.gif,curiosity_novel,3
SS1630955133458,1,simple_dissimilar,curiosity,6,1,background,3963.699999988079,images/stimuli/simple_09_A_a.gif,curiosity_novel,1
SS1630955133458,1,simple_dissimilar,curiosity,6,2,background,4129.70000000298,images/stimuli/simple_09_A_a.gif,curiosity_novel,1
SS1630955133458,1,simple_dissimilar,curiosity,6,3,background,6362.29999999702,images/stimuli/simple_09_A_a.gif,curiosity_novel,1
SS1630955133458,1,simple_dissimilar,curiosity,6,4,background,7150.9000000059605,images/stimuli/simple_09_A_a.gif,curiosity_novel,1
SS1630955255251,1,simple_dissimilar,curiosity,4,1,background,8465.90000000596,images/stimuli/simple_05_A_a.gif,curiosity_background,1
SS1630955255251,1,simple_dissimilar,curiosity,4,2,background,3429.5,images/stimuli/simple_05_A_a.gif,curiosity_background,1
SS1630955462809,1,simple_dissimilar,curiosity,4,1,background,5825.19999999553,images/stimuli/simple_11_A_a.gif,curiosity_novel,0
SS1630955462809,1,simple_dissimilar,curiosity,4,2,background,3553.70000000298,images/stimuli/simple_11_A_a.gif,curiosity_novel,0
SS1630955550651,1,complex_dissimilar,curiosity,4,1,background,4995.300000011921,images/stimuli/complex_01_A_a.gif,curiosity_background,3
SS1630955550651,1,complex_dissimilar,curiosity,4,2,background,5619.899999976158,images/stimuli/complex_01_A_a.gif,curiosity_background,3
SS1630955596798,1,simple_dissimilar,curiosity,6,1,background,4287,images/stimuli/simple_08_A_a.gif,curiosity_background,1
SS1630955596798,1,simple_dissimilar,curiosity,6,2,background,3034.5,images/stimuli/simple_08_A_a.gif,curiosity_background,1
SS1630955596798,1,simple_dissimilar,curiosity,6,3,background,2530.300000000745,images/stimuli/simple_08_A_a.gif,curiosity_background,1
SS1630955596798,1,simple_dissimilar,curiosity,6,4,background,1533.2000000001865,images/stimuli/simple_08_A_a.gif,curiosity_background,1
SS1630955814911,1,complex_dissimilar,curiosity,4,1,background,8452.299999999814,images/stimuli/complex_12_A_a.gif,curiosity_background,1
SS1630955814911,1,complex_dissimilar,curiosity,4,2,background,7468.0999999996275,images/stimuli/complex_12_A_a.gif,curiosity_background,1
SS1630955985076,1,simple_dissimilar,curiosity,6,1,background,8983.799999999814,images/stimuli/simple_11_A_a.gif,curiosity_background,2
SS1630955985076,1,simple_dissimilar,curiosity,6,2,background,7618.399999999441,images/stimuli/simple_11_A_a.gif,curiosity_background,2
SS1630955985076,1,simple_dissimilar,curiosity,6,3,background,7609.0999999996275,images/stimuli/simple_11_A_a.gif,curiosity_background,2
SS1630955985076,1,simple_dissimilar,curiosity,6,4,background,7096.600000000559,images/stimuli/simple_11_A_a.gif,curiosity_background,2
SS1630958865498,1,complex_dissimilar,curiosity,6,1,background,8129.5,images/stimuli/complex_15_A_a.gif,curiosity_background,3
SS1630958865498,1,complex_dissimilar,curiosity,6,2,background,5735.5999999996275,images/stimuli/complex_15_A_a.gif,curiosity_background,3
SS1630958865498,1,complex_dissimilar,curiosity,6,3,background,7084.800000000745,images/stimuli/complex_15_A_a.gif,curiosity_background,3
SS1630958865498,1,complex_dissimilar,curiosity,6,4,background,6403.600000000559,images/stimuli/complex_15_A_a.gif,curiosity_background,3
SS1630945803732,1,simple_dissimilar,memory,6,1,background,6701.79999999702,images/stimuli/simple_10_A_a.gif,memory_background,1
SS1630945803732,1,simple_dissimilar,memory,6,2,background,6925.20000000298,images/stimuli/simple_10_A_a.gif,memory_background,1
SS1630945803732,1,simple_dissimilar,memory,6,3,background,1531.7000000029802,images/stimuli/simple_10_A_a.gif,memory_background,1
SS1630945803732,1,simple_dissimilar,memory,6,4,background,1542.1000000089407,images/stimuli/simple_10_A_a.gif,memory_background,1
SS1630949437798,1,simple_dissimilar,memory,6,1,background,5038.5,images/stimuli/simple_17_A_a.gif,memory_background,1
SS1630949437798,1,simple_dissimilar,memory,6,2,background,7816.099999904633,images/stimuli/simple_17_A_a.gif,memory_background,1
SS1630949437798,1,simple_dissimilar,memory,6,3,background,2696.2999999523163,images/stimuli/simple_17_A_a.gif,memory_background,1
SS1630949437798,1,simple_dissimilar,memory,6,4,background,3679,images/stimuli/simple_17_A_a.gif,memory_background,1
SS1630950311863,1,complex_dissimilar,memory,6,1,background,12183.899999856949,images/stimuli/complex_20_A_a.gif,memory_novel,1
SS1630950311863,1,complex_dissimilar,memory,6,2,background,8401.099999904633,images/stimuli/complex_20_A_a.gif,memory_novel,1
SS1630950311863,1,complex_dissimilar,memory,6,3,background,9867.799999952316,images/stimuli/complex_20_A_a.gif,memory_novel,1
SS1630950311863,1,complex_dissimilar,memory,6,4,background,7502.799999952316,images/stimuli/complex_20_A_a.gif,memory_novel,1
SS1630950615055,1,complex_dissimilar,memory,6,1,background,4613.0999999940395,images/stimuli/complex_20_A_a.gif,memory_novel,1
SS1630950615055,1,complex_dissimilar,memory,6,2,background,9320.19999998808,images/stimuli/complex_20_A_a.gif,memory_novel,1
SS1630950615055,1,complex_dissimilar,memory,6,3,background,1579.7999999821186,images/stimuli/complex_20_A_a.gif,memory_novel,1
SS1630950615055,1,complex_dissimilar,memory,6,4,background,3658.699999988079,images/stimuli/complex_20_A_a.gif,memory_novel,1
SS1630950904931,1,complex_dissimilar,memory,4,1,background,6977.599999904633,images/stimuli/complex_03_A_a.gif,memory_background,1
SS1630950904931,1,complex_dissimilar,memory,4,2,background,12910.700000047684,images/stimuli/complex_03_A_a.gif,memory_background,1
SS1630951077199,1,simple_dissimilar,memory,4,1,background,3469.100000023842,images/stimuli/simple_12_A_a.gif,memory_novel,1
SS1630951077199,1,simple_dissimilar,memory,4,2,background,2751,images/stimuli/simple_12_A_a.gif,memory_novel,1
SS1630951139571,1,complex_dissimilar,memory,6,1,background,7210.800000011921,images/stimuli/complex_19_A_a.gif,memory_novel,1
SS1630951139571,1,complex_dissimilar,memory,6,2,background,3818.899999976158,images/stimuli/complex_19_A_a.gif,memory_novel,1
SS1630951139571,1,complex_dissimilar,memory,6,3,background,1822.4000000059605,images/stimuli/complex_19_A_a.gif,memory_novel,1
SS1630951139571,1,complex_dissimilar,memory,6,4,background,2222,images/stimuli/complex_19_A_a.gif,memory_novel,1
SS1630951192553,1,simple_dissimilar,memory,4,1,background,4304.100000023842,images/stimuli/simple_03_A_a.gif,memory_background,1
SS1630951192553,1,simple_dissimilar,memory,4,2,background,3269.300000011921,images/stimuli/simple_03_A_a.gif,memory_background,1
SS1630951202004,1,simple_dissimilar,memory,4,1,background,15864.899999976158,images/stimuli/simple_02_A_a.gif,memory_novel,1
SS1630951202004,1,simple_dissimilar,memory,4,2,background,2352.2000000476837,images/stimuli/simple_02_A_a.gif,memory_novel,1
SS1630951342053,1,complex_dissimilar,memory,6,1,background,4316,images/stimuli/complex_01_A_a.gif,memory_novel,1
SS1630951342053,1,complex_dissimilar,memory,6,2,background,5095,images/stimuli/complex_01_A_a.gif,memory_novel,1
SS1630951342053,1,complex_dissimilar,memory,6,3,background,4769,images/stimuli/complex_01_A_a.gif,memory_novel,1
SS1630951342053,1,complex_dissimilar,memory,6,4,background,3878,images/stimuli/complex_01_A_a.gif,memory_novel,1
SS1630951357889,1,simple_dissimilar,memory,4,1,background,5811.400000035763,images/stimuli/simple_05_A_a.gif,memory_background,1
SS1630951357889,1,simple_dissimilar,memory,4,2,background,7617.099999964237,images/stimuli/simple_05_A_a.gif,memory_background,1
SS1630951687790,1,complex_dissimilar,memory,6,1,background,4835,images/stimuli/complex_10_A_a.gif,memory_background,1
SS1630951687790,1,complex_dissimilar,memory,6,2,background,3453.899999976158,images/stimuli/complex_10_A_a.gif,memory_background,1
SS1630951687790,1,complex_dissimilar,memory,6,3,background,3406.5,images/stimuli/complex_10_A_a.gif,memory_background,1
SS1630951687790,1,complex_dissimilar,memory,6,4,background,1335.7999999523165,images/stimuli/complex_10_A_a.gif,memory_background,1
SS1630951861361,1,complex_dissimilar,memory,4,1,background,9604.700000047684,images/stimuli/complex_20_A_a.gif,memory_background,1
SS1630951861361,1,complex_dissimilar,memory,4,2,background,9273.799999952316,images/stimuli/complex_20_A_a.gif,memory_background,1
SS1630952092916,1,simple_dissimilar,memory,6,1,background,3642.300000000745,images/stimuli/simple_08_A_a.gif,memory_background,1
SS1630952092916,1,simple_dissimilar,memory,6,2,background,4603.300000000745,images/stimuli/simple_08_A_a.gif,memory_background,1
SS1630952092916,1,simple_dissimilar,memory,6,3,background,3161,images/stimuli/simple_08_A_a.gif,memory_background,1
SS1630952092916,1,simple_dissimilar,memory,6,4,background,2404.60000000149,images/stimuli/simple_08_A_a.gif,memory_background,1
SS1630952164635,1,complex_dissimilar,memory,6,1,background,4457.600000143051,images/stimuli/complex_08_A_a.gif,memory_novel,1
SS1630952164635,1,complex_dissimilar,memory,6,2,background,4315.700000047684,images/stimuli/complex_08_A_a.gif,memory_novel,1
SS1630952164635,1,complex_dissimilar,memory,6,3,background,7908.299999952316,images/stimuli/complex_08_A_a.gif,memory_novel,1
SS1630952164635,1,complex_dissimilar,memory,6,4,background,2065.7000000476837,images/stimuli/complex_08_A_a.gif,memory_novel,1
SS1630952197333,1,complex_dissimilar,memory,4,1,background,4871.299999952316,images/stimuli/complex_03_A_a.gif,memory_novel,1
SS1630952197333,1,complex_dissimilar,memory,4,2,background,4480.700000047684,images/stimuli/complex_03_A_a.gif,memory_novel,1
SS1630952326222,1,simple_dissimilar,memory,4,1,background,6213.799999910407,images/stimuli/simple_11_A_a.gif,memory_background,1
SS1630952326222,1,simple_dissimilar,memory,4,2,background,8416.57000000123,images/stimuli/simple_11_A_a.gif,memory_background,1
SS1630952417154,1,simple_dissimilar,memory,6,1,background,5141.200000000012,images/stimuli/simple_04_A_a.gif,memory_background,1
SS1630952417154,1,simple_dissimilar,memory,6,2,background,5441.300000000047,images/stimuli/simple_04_A_a.gif,memory_background,1
SS1630952417154,1,simple_dissimilar,memory,6,3,background,8179.800000000047,images/stimuli/simple_04_A_a.gif,memory_background,1
SS1630952417154,1,simple_dissimilar,memory,6,4,background,7610.399999999965,images/stimuli/simple_04_A_a.gif,memory_background,1
SS1630952650695,1,complex_dissimilar,memory,6,1,background,9558.59999999404,images/stimuli/complex_16_A_a.gif,memory_background,1
SS1630952650695,1,complex_dissimilar,memory,6,2,background,8197.10000000894,images/stimuli/complex_16_A_a.gif,memory_background,1
SS1630952650695,1,complex_dissimilar,memory,6,3,background,4778.70000000298,images/stimuli/complex_16_A_a.gif,memory_background,1
SS1630952650695,1,complex_dissimilar,memory,6,4,background,7170,images/stimuli/complex_16_A_a.gif,memory_background,1
SS1630952651059,1,complex_dissimilar,memory,4,1,background,6410.299999999814,images/stimuli/complex_14_A_a.gif,memory_background,1
SS1630952651059,1,complex_dissimilar,memory,4,2,background,10857.600000000091,images/stimuli/complex_14_A_a.gif,memory_background,1
SS1630952892883,1,simple_dissimilar,memory,4,1,background,6356.60000000149,images/stimuli/simple_17_A_a.gif,memory_novel,1
SS1630952892883,1,simple_dissimilar,memory,4,2,background,6666.699999999255,images/stimuli/simple_17_A_a.gif,memory_novel,1
SS1630952933005,1,simple_dissimilar,memory,6,1,background,3683.800000190735,images/stimuli/simple_17_A_a.gif,memory_novel,1
SS1630952933005,1,simple_dissimilar,memory,6,2,background,1935.9000000953672,images/stimuli/simple_17_A_a.gif,memory_novel,1
SS1630952933005,1,simple_dissimilar,memory,6,3,background,2471.2999997138977,images/stimuli/simple_17_A_a.gif,memory_novel,1
SS1630952933005,1,simple_dissimilar,memory,6,4,background,1828.5,images/stimuli/simple_17_A_a.gif,memory_novel,1
SS1630953249512,1,complex_dissimilar,memory,4,1,background,7083.4000000059605,images/stimuli/complex_13_A_a.gif,memory_background,1
SS1630953249512,1,complex_dissimilar,memory,4,2,background,3367,images/stimuli/complex_13_A_a.gif,memory_background,1
SS1630953415738,1,simple_dissimilar,memory,4,1,background,3081.2000000476837,images/stimuli/simple_15_A_a.gif,memory_novel,1
SS1630953415738,1,simple_dissimilar,memory,4,2,background,4381.299999952316,images/stimuli/simple_15_A_a.gif,memory_novel,1
SS1630953459504,1,complex_dissimilar,memory,6,2,background,4248.800000011921,images/stimuli/complex_11_A_a.gif,memory_background,1
SS1630953459504,1,complex_dissimilar,memory,6,3,background,7872.799999982119,images/stimuli/complex_11_A_a.gif,memory_background,1
SS1630953459504,1,complex_dissimilar,memory,6,4,background,8978.700000017881,images/stimuli/complex_11_A_a.gif,memory_background,1
SS1630953554728,1,simple_dissimilar,memory,6,1,background,6459.599999904633,images/stimuli/simple_06_A_a.gif,memory_background,1
SS1630953554728,1,simple_dissimilar,memory,6,2,background,6095.600000143051,images/stimuli/simple_06_A_a.gif,memory_background,1
SS1630953554728,1,simple_dissimilar,memory,6,3,background,11208.300000190737,images/stimuli/simple_06_A_a.gif,memory_background,1
SS1630953554728,1,simple_dissimilar,memory,6,4,background,7251.599999904633,images/stimuli/simple_06_A_a.gif,memory_background,1
SS1630953819807,1,simple_dissimilar,memory,4,1,background,11226.5,images/stimuli/simple_01_A_a.gif,memory_novel,1
SS1630953819807,1,simple_dissimilar,memory,4,2,background,9074.599999964235,images/stimuli/simple_01_A_a.gif,memory_novel,1
SS1630953879284,1,complex_dissimilar,memory,4,1,background,3835.699999988079,images/stimuli/complex_04_A_a.gif,memory_background,1
SS1630953879284,1,complex_dissimilar,memory,4,2,background,4455.0999999940395,images/stimuli/complex_04_A_a.gif,memory_background,1
SS1630953904498,1,simple_dissimilar,memory,6,1,background,7022.399999999907,images/stimuli/simple_14_A_a.gif,memory_background,1
SS1630953904498,1,simple_dissimilar,memory,6,2,background,3065.600000000093,images/stimuli/simple_14_A_a.gif,memory_background,1
SS1630953904498,1,simple_dissimilar,memory,6,3,background,2854.9000000003725,images/stimuli/simple_14_A_a.gif,memory_background,1
SS1630953904498,1,simple_dissimilar,memory,6,4,background,1146.8999999999069,images/stimuli/simple_14_A_a.gif,memory_background,1
SS1630954064103,1,complex_dissimilar,memory,4,1,background,6076.699999928474,images/stimuli/complex_19_A_a.gif,memory_background,1
SS1630954064103,1,complex_dissimilar,memory,4,2,background,5325.899999976158,images/stimuli/complex_19_A_a.gif,memory_background,1
SS1630954166127,1,simple_dissimilar,memory,6,1,background,3695.799999952316,images/stimuli/simple_11_A_a.gif,memory_background,1
SS1630954166127,1,simple_dissimilar,memory,6,2,background,2412.5,images/stimuli/simple_11_A_a.gif,memory_background,1
SS1630954166127,1,simple_dissimilar,memory,6,3,background,2400,images/stimuli/simple_11_A_a.gif,memory_background,1
SS1630954166127,1,simple_dissimilar,memory,6,4,background,2975.7999999523163,images/stimuli/simple_11_A_a.gif,memory_background,1
SS1630954238919,1,complex_dissimilar,memory,4,1,background,1424.89999999851,images/stimuli/complex_04_A_a.gif,memory_novel,1
SS1630954238919,1,complex_dissimilar,memory,4,2,background,1544.5,images/stimuli/complex_04_A_a.gif,memory_novel,1
SS1630954277601,1,complex_dissimilar,memory,4,1,background,11453.79999999702,images/stimuli/complex_12_A_a.gif,memory_background,1
SS1630954277601,1,complex_dissimilar,memory,4,2,background,14898.30000001192,images/stimuli/complex_12_A_a.gif,memory_background,1
SS1630954327708,1,simple_dissimilar,memory,4,1,background,4295,images/stimuli/simple_03_A_a.gif,memory_novel,1
SS1630954327708,1,simple_dissimilar,memory,4,2,background,4878.899999976158,images/stimuli/simple_03_A_a.gif,memory_novel,1
SS1630954379939,1,complex_dissimilar,memory,4,1,background,25115,images/stimuli/complex_14_A_a.gif,memory_novel,1
SS1630954379939,1,complex_dissimilar,memory,4,2,background,11132,images/stimuli/complex_14_A_a.gif,memory_novel,1
SS1630954479656,1,simple_dissimilar,memory,4,1,background,5638.100000000093,images/stimuli/simple_09_A_a.gif,memory_novel,1
SS1630954479656,1,simple_dissimilar,memory,4,2,background,8037.200000000186,images/stimuli/simple_09_A_a.gif,memory_novel,1
SS1630954676290,1,complex_dissimilar,memory,4,1,background,5072.79999999702,images/stimuli/complex_15_A_a.gif,memory_background,1
SS1630954676290,1,complex_dissimilar,memory,4,2,background,6089.60000000149,images/stimuli/complex_15_A_a.gif,memory_background,1
SS1630954820680,1,complex_dissimilar,memory,4,1,background,13564.600000023842,images/stimuli/complex_15_A_a.gif,memory_background,1
SS1630954820680,1,complex_dissimilar,memory,4,2,background,8622.899999976158,images/stimuli/complex_15_A_a.gif,memory_background,1
SS1630954924244,1,simple_dissimilar,memory,4,1,background,7183.900000095367,images/stimuli/simple_19_A_a.gif,memory_novel,1
SS1630954924244,1,simple_dissimilar,memory,4,2,background,2910.1000003814697,images/stimuli/simple_19_A_a.gif,memory_novel,1
SS1630955275315,1,complex_dissimilar,memory,6,1,background,4029.199999999255,images/stimuli/complex_03_A_a.gif,memory_novel,1
SS1630955275315,1,complex_dissimilar,memory,6,2,background,3112.10000000149,images/stimuli/complex_03_A_a.gif,memory_novel,1
SS1630955275315,1,complex_dissimilar,memory,6,3,background,2537.20000000298,images/stimuli/complex_03_A_a.gif,memory_novel,1
SS1630955275315,1,complex_dissimilar,memory,6,4,background,2214.800000000745,images/stimuli/complex_03_A_a.gif,memory_novel,1
SS1630955324434,1,complex_dissimilar,memory,6,1,background,8576.59999999404,images/stimuli/complex_12_A_a.gif,memory_background,0
SS1630955324434,1,complex_dissimilar,memory,6,2,background,8066.899999991059,images/stimuli/complex_12_A_a.gif,memory_background,0
SS1630955324434,1,complex_dissimilar,memory,6,3,background,8164.699999988079,images/stimuli/complex_12_A_a.gif,memory_background,0
SS1630955324434,1,complex_dissimilar,memory,6,4,background,9417,images/stimuli/complex_12_A_a.gif,memory_background,0
SS1630955346320,1,complex_dissimilar,memory,6,1,background,2439.10000000149,images/stimuli/complex_16_A_a.gif,memory_novel,1
SS1630955346320,1,complex_dissimilar,memory,6,2,background,1802.39999999851,images/stimuli/complex_16_A_a.gif,memory_novel,1
SS1630955346320,1,complex_dissimilar,memory,6,3,background,1204.60000000149,images/stimuli/complex_16_A_a.gif,memory_novel,1
SS1630955346320,1,complex_dissimilar,memory,6,4,background,1762.5999999940395,images/stimuli/complex_16_A_a.gif,memory_novel,1
SS1630955362456,1,complex_dissimilar,memory,4,1,background,3731.300000000745,images/stimuli/complex_10_A_a.gif,memory_novel,1
SS1630955362456,1,complex_dissimilar,memory,4,2,background,1133.800000000745,images/stimuli/complex_10_A_a.gif,memory_novel,1
SS1630955712000,1,simple_dissimilar,memory,6,1,background,7500,images/stimuli/simple_16_A_a.gif,memory_background,1
SS1630955712000,1,simple_dissimilar,memory,6,2,background,5900,images/stimuli/simple_16_A_a.gif,memory_background,1
SS1630955712000,1,simple_dissimilar,memory,6,3,background,5000,images/stimuli/simple_16_A_a.gif,memory_background,1
SS1630955712000,1,simple_dissimilar,memory,6,4,background,5200,images/stimuli/simple_16_A_a.gif,memory_background,1
SS1630955845054,1,complex_dissimilar,memory,4,1,background,17760,images/stimuli/complex_02_A_a.gif,memory_background,1
SS1630955845054,1,complex_dissimilar,memory,4,2,background,4145,images/stimuli/complex_02_A_a.gif,memory_background,1
SS1630955887727,1,simple_dissimilar,memory,6,1,background,12315.600000000006,images/stimuli/simple_20_A_a.gif,memory_novel,1
SS1630955887727,1,simple_dissimilar,memory,6,2,background,9170.000000000016,images/stimuli/simple_20_A_a.gif,memory_novel,1
SS1630955887727,1,simple_dissimilar,memory,6,3,background,6123.900000000023,images/stimuli/simple_20_A_a.gif,memory_novel,1
SS1630955887727,1,simple_dissimilar,memory,6,4,background,8873.699999999953,images/stimuli/simple_20_A_a.gif,memory_novel,1
SS1630955974344,1,simple_dissimilar,memory,6,1,background,18749.80000001192,images/stimuli/simple_06_A_a.gif,memory_background,1
SS1630955974344,1,simple_dissimilar,memory,6,2,background,9156.299999952316,images/stimuli/simple_06_A_a.gif,memory_background,1
SS1630955974344,1,simple_dissimilar,memory,6,3,background,12027.799999952316,images/stimuli/simple_06_A_a.gif,memory_background,1
SS1630955974344,1,simple_dissimilar,memory,6,4,background,13609.799999952316,images/stimuli/simple_06_A_a.gif,memory_background,1
SS1630956108047,1,simple_dissimilar,memory,4,1,background,8186,images/stimuli/simple_19_A_a.gif,memory_background,0
SS1630956108047,1,simple_dissimilar,memory,4,2,background,5778,images/stimuli/simple_19_A_a.gif,memory_background,0
SS1630961119566,1,simple_dissimilar,memory,4,1,background,7056,images/stimuli/simple_10_A_a.gif,memory_novel,1
SS1630961119566,1,simple_dissimilar,memory,4,2,background,7386.300000011921,images/stimuli/simple_10_A_a.gif,memory_novel,1
SS1630950429319,1,complex_dissimilar,math,4,1,background,3378.7000000000116,images/stimuli/complex_07_A_a.gif,math,1
SS1630950429319,1,complex_dissimilar,math,4,2,background,2043.7000000000116,images/stimuli/complex_07_A_a.gif,math,1
SS1630950570403,1,complex_dissimilar,math,6,1,background,3329.9000000115484,images/stimuli/complex_02_A_a.gif,math,1
SS1630950570403,1,complex_dissimilar,math,6,2,background,3267.200000002049,images/stimuli/complex_02_A_a.gif,math,1
SS1630950570403,1,complex_dissimilar,math,6,3,background,4089.200000002166,images/stimuli/complex_02_A_a.gif,math,1
SS1630950570403,1,complex_dissimilar,math,6,4,background,1678.9999999891734,images/stimuli/complex_02_A_a.gif,math,1
SS1630950873228,1,simple_dissimilar,math,6,1,background,7642,images/stimuli/simple_11_A_a.gif,math,1
SS1630950873228,1,simple_dissimilar,math,6,2,background,5013,images/stimuli/simple_11_A_a.gif,math,1
SS1630950873228,1,simple_dissimilar,math,6,3,background,6488,images/stimuli/simple_11_A_a.gif,math,1
SS1630950873228,1,simple_dissimilar,math,6,4,background,4490,images/stimuli/simple_11_A_a.gif,math,1
SS1630951084066,1,complex_dissimilar,math,4,1,background,6831.700000047684,images/stimuli/complex_02_A_a.gif,math,1
SS1630951084066,1,complex_dissimilar,math,4,2,background,7104.100000023842,images/stimuli/complex_02_A_a.gif,math,1
SS1630951168843,1,simple_dissimilar,math,6,1,background,6913.799999952316,images/stimuli/simple_01_A_a.gif,math,1
SS1630951168843,1,simple_dissimilar,math,6,2,background,5427.599999904633,images/stimuli/simple_01_A_a.gif,math,1
SS1630951168843,1,simple_dissimilar,math,6,3,background,6175.299999952316,images/stimuli/simple_01_A_a.gif,math,1
SS1630951168843,1,simple_dissimilar,math,6,4,background,4566.5,images/stimuli/simple_01_A_a.gif,math,1
SS1630951253791,1,complex_dissimilar,math,4,1,background,557,images/stimuli/complex_08_A_a.gif,math,1
SS1630951253791,1,complex_dissimilar,math,4,2,background,1054,images/stimuli/complex_08_A_a.gif,math,1
SS1630951368875,1,simple_dissimilar,math,4,1,background,6076.5,images/stimuli/simple_03_A_a.gif,math,1
SS1630951368875,1,simple_dissimilar,math,4,2,background,5358.699999988079,images/stimuli/simple_03_A_a.gif,math,1
SS1630951481721,1,complex_dissimilar,math,6,1,background,4448.600000143051,images/stimuli/complex_06_A_a.gif,math,1
SS1630951481721,1,complex_dissimilar,math,6,2,background,2570.7000000476837,images/stimuli/complex_06_A_a.gif,math,1
SS1630951481721,1,complex_dissimilar,math,6,3,background,5213.599999904633,images/stimuli/complex_06_A_a.gif,math,1
SS1630951481721,1,complex_dissimilar,math,6,4,background,3859.799999952316,images/stimuli/complex_06_A_a.gif,math,1
SS1630951583340,1,simple_dissimilar,math,4,1,background,4053,images/stimuli/simple_09_A_a.gif,math,1
SS1630951583340,1,simple_dissimilar,math,4,2,background,1526,images/stimuli/simple_09_A_a.gif,math,1
SS1630951623475,1,complex_dissimilar,math,6,1,background,14220.90000000596,images/stimuli/complex_11_A_a.gif,math,1
SS1630951623475,1,complex_dissimilar,math,6,2,background,3517.7000000178814,images/stimuli/complex_11_A_a.gif,math,1
SS1630951623475,1,complex_dissimilar,math,6,3,background,5982.799999982119,images/stimuli/complex_11_A_a.gif,math,1
SS1630951623475,1,complex_dissimilar,math,6,4,background,19280.40000000596,images/stimuli/complex_11_A_a.gif,math,1
SS1630951807437,1,complex_dissimilar,math,4,1,background,5152,images/stimuli/complex_20_A_a.gif,math,1
SS1630951807437,1,complex_dissimilar,math,4,2,background,1046.0999999046326,images/stimuli/complex_20_A_a.gif,math,1
SS1630951865586,1,complex_dissimilar,math,4,1,background,4737,images/stimuli/complex_14_A_a.gif,math,1
SS1630951865586,1,complex_dissimilar,math,4,2,background,6523,images/stimuli/complex_14_A_a.gif,math,1
SS1630951964890,1,simple_dissimilar,math,4,1,background,6549.9000000059605,images/stimuli/simple_16_A_a.gif,math,1
SS1630951964890,1,simple_dissimilar,math,4,2,background,4884.79999999702,images/stimuli/simple_16_A_a.gif,math,1
SS1630951986199,1,complex_dissimilar,math,6,1,background,8720.100000023842,images/stimuli/complex_07_A_a.gif,math,1
SS1630951986199,1,complex_dissimilar,math,6,2,background,9795.399999976158,images/stimuli/complex_07_A_a.gif,math,1
SS1630951986199,1,complex_dissimilar,math,6,3,background,8517.899999976158,images/stimuli/complex_07_A_a.gif,math,1
SS1630951986199,1,complex_dissimilar,math,6,4,background,682.2999999523163,images/stimuli/complex_07_A_a.gif,math,1
SS1630952175106,1,complex_dissimilar,math,6,1,background,8889,images/stimuli/complex_08_A_a.gif,math,1
SS1630952175106,1,complex_dissimilar,math,6,2,background,5523,images/stimuli/complex_08_A_a.gif,math,1
SS1630952175106,1,complex_dissimilar,math,6,3,background,3058,images/stimuli/complex_08_A_a.gif,math,1
SS1630952175106,1,complex_dissimilar,math,6,4,background,1157,images/stimuli/complex_08_A_a.gif,math,1
SS1630952417185,1,complex_dissimilar,math,4,1,background,4558.900000095367,images/stimuli/complex_13_A_a.gif,math,1
SS1630952417185,1,complex_dissimilar,math,4,2,background,4078.599999904633,images/stimuli/complex_13_A_a.gif,math,1
SS1630952448403,1,simple_dissimilar,math,6,1,background,6096.700000047684,images/stimuli/simple_01_A_a.gif,math,1
SS1630952448403,1,simple_dissimilar,math,6,2,background,6985.699999988079,images/stimuli/simple_01_A_a.gif,math,1
SS1630952448403,1,simple_dissimilar,math,6,3,background,4329.800000011921,images/stimuli/simple_01_A_a.gif,math,1
SS1630952448403,1,simple_dissimilar,math,6,4,background,4149.700000047684,images/stimuli/simple_01_A_a.gif,math,1
SS1630952457080,1,complex_dissimilar,math,4,1,background,8146.29999999702,images/stimuli/complex_18_A_a.gif,math,1
SS1630952457080,1,complex_dissimilar,math,4,2,background,5643.9000000059605,images/stimuli/complex_18_A_a.gif,math,1
SS1630952510283,1,simple_dissimilar,math,4,1,background,8514.800000011921,images/stimuli/simple_12_A_a.gif,math,1
SS1630952510283,1,simple_dissimilar,math,4,2,background,4828.600000023842,images/stimuli/simple_12_A_a.gif,math,1
SS1630952623030,1,complex_dissimilar,math,4,1,background,698,images/stimuli/complex_17_A_a.gif,math,1
SS1630952623030,1,complex_dissimilar,math,4,2,background,712,images/stimuli/complex_17_A_a.gif,math,1
SS1630952689391,1,simple_dissimilar,math,4,1,background,3927.2999999821186,images/stimuli/simple_18_A_a.gif,math,1
SS1630952689391,1,simple_dissimilar,math,4,2,background,2330.699999988079,images/stimuli/simple_18_A_a.gif,math,1
SS1630952798224,1,simple_dissimilar,math,4,1,background,6507.799999952316,images/stimuli/simple_19_A_a.gif,math,1
SS1630952798224,1,simple_dissimilar,math,4,2,background,6136,images/stimuli/simple_19_A_a.gif,math,1
SS1630953163340,1,complex_dissimilar,math,4,1,background,984.5,images/stimuli/complex_09_A_a.gif,math,1
SS1630953163340,1,complex_dissimilar,math,4,2,background,709.5,images/stimuli/complex_09_A_a.gif,math,1
SS1630953334692,1,complex_dissimilar,math,6,1,background,5811.099999964237,images/stimuli/complex_05_A_a.gif,math,1
SS1630953334692,1,complex_dissimilar,math,6,2,background,5620.900000035763,images/stimuli/complex_05_A_a.gif,math,1
SS1630953334692,1,complex_dissimilar,math,6,3,background,6171.5,images/stimuli/complex_05_A_a.gif,math,1
SS1630953334692,1,complex_dissimilar,math,6,4,background,5339.600000023842,images/stimuli/complex_05_A_a.gif,math,1
SS1630953442228,1,complex_dissimilar,math,4,1,background,20517,images/stimuli/complex_16_A_a.gif,math,1
SS1630953442228,1,complex_dissimilar,math,4,2,background,6596,images/stimuli/complex_16_A_a.gif,math,1
SS1630953461861,1,simple_dissimilar,math,6,1,background,8520.600000023842,images/stimuli/simple_07_A_a.gif,math,1
SS1630953461861,1,simple_dissimilar,math,6,2,background,6838.899999976158,images/stimuli/simple_07_A_a.gif,math,1
SS1630953461861,1,simple_dissimilar,math,6,3,background,3680.100000023842,images/stimuli/simple_07_A_a.gif,math,1
SS1630953461861,1,simple_dissimilar,math,6,4,background,3638.200000047684,images/stimuli/simple_07_A_a.gif,math,1
SS1630953517709,1,complex_dissimilar,math,4,1,background,4178.5,images/stimuli/complex_10_A_a.gif,math,1
SS1630953517709,1,complex_dissimilar,math,4,2,background,3401.20000000298,images/stimuli/complex_10_A_a.gif,math,1
SS1630953532068,1,complex_dissimilar,math,4,1,background,12519.299999952316,images/stimuli/complex_10_A_a.gif,math,1
SS1630953532068,1,complex_dissimilar,math,4,2,background,6041.800000071526,images/stimuli/complex_10_A_a.gif,math,1
SS1630953553324,1,simple_dissimilar,math,4,1,background,1461,images/stimuli/simple_16_A_a.gif,math,1
SS1630953553324,1,simple_dissimilar,math,4,2,background,882,images/stimuli/simple_16_A_a.gif,math,1
SS1630953556646,1,simple_dissimilar,math,6,1,background,4990,images/stimuli/simple_12_A_a.gif,math,1
SS1630953556646,1,simple_dissimilar,math,6,2,background,5414.30000000447,images/stimuli/simple_12_A_a.gif,math,1
SS1630953556646,1,simple_dissimilar,math,6,3,background,5802,images/stimuli/simple_12_A_a.gif,math,1
SS1630953556646,1,simple_dissimilar,math,6,4,background,4554.9000000059605,images/stimuli/simple_12_A_a.gif,math,1
SS1630953575996,1,simple_dissimilar,math,6,1,background,6352.70000000298,images/stimuli/simple_03_A_a.gif,math,1
SS1630953575996,1,simple_dissimilar,math,6,2,background,2703.1999999955297,images/stimuli/simple_03_A_a.gif,math,1
SS1630953575996,1,simple_dissimilar,math,6,3,background,6609.5,images/stimuli/simple_03_A_a.gif,math,1
SS1630953575996,1,simple_dissimilar,math,6,4,background,1075.60000000149,images/stimuli/simple_03_A_a.gif,math,1
SS1630953635529,1,simple_dissimilar,math,4,1,background,8020.900000095367,images/stimuli/simple_17_A_a.gif,math,1
SS1630953635529,1,simple_dissimilar,math,4,2,background,8606.299999952316,images/stimuli/simple_17_A_a.gif,math,1
SS1630953667755,1,simple_dissimilar,math,6,1,background,3722,images/stimuli/simple_16_A_a.gif,math,1
SS1630953667755,1,simple_dissimilar,math,6,2,background,4329,images/stimuli/simple_16_A_a.gif,math,1
SS1630953667755,1,simple_dissimilar,math,6,3,background,3049.0000000000146,images/stimuli/simple_16_A_a.gif,math,1
SS1630953667755,1,simple_dissimilar,math,6,4,background,5258,images/stimuli/simple_16_A_a.gif,math,1
SS1630953698602,1,complex_dissimilar,math,4,1,background,7903.299999952316,images/stimuli/complex_16_A_a.gif,math,1
SS1630953698602,1,complex_dissimilar,math,4,2,background,6560,images/stimuli/complex_16_A_a.gif,math,1
SS1630953769134,1,simple_dissimilar,math,4,1,background,6561.800000011921,images/stimuli/simple_11_A_a.gif,math,1
SS1630953769134,1,simple_dissimilar,math,4,2,background,4924.300000011921,images/stimuli/simple_11_A_a.gif,math,1
SS1630953839030,1,complex_dissimilar,math,4,1,background,13625.09999999404,images/stimuli/complex_14_A_a.gif,math,1
SS1630953839030,1,complex_dissimilar,math,4,2,background,8375.5,images/stimuli/complex_14_A_a.gif,math,1
SS1630953891677,1,complex_dissimilar,math,4,1,background,3725.599999994039,images/stimuli/complex_02_A_a.gif,math,1
SS1630953891677,1,complex_dissimilar,math,4,2,background,3736.599999994039,images/stimuli/complex_02_A_a.gif,math,1
SS1630953997814,1,complex_dissimilar,math,4,1,background,1658,images/stimuli/complex_17_A_a.gif,math,1
SS1630953997814,1,complex_dissimilar,math,4,2,background,855,images/stimuli/complex_17_A_a.gif,math,1
SS1630954111816,1,complex_dissimilar,math,6,1,background,10578.399997711182,images/stimuli/complex_13_A_a.gif,math,1
SS1630954111816,1,complex_dissimilar,math,6,2,background,3307.5,images/stimuli/complex_13_A_a.gif,math,1
SS1630954111816,1,complex_dissimilar,math,6,3,background,3234.5,images/stimuli/complex_13_A_a.gif,math,1
SS1630954111816,1,complex_dissimilar,math,6,4,background,2048.400001525879,images/stimuli/complex_13_A_a.gif,math,1
SS1630954126310,1,simple_dissimilar,math,6,1,background,5078.900000095367,images/stimuli/simple_03_A_a.gif,math,1
SS1630954126310,1,simple_dissimilar,math,6,2,background,5169.899999976158,images/stimuli/simple_03_A_a.gif,math,1
SS1630954126310,1,simple_dissimilar,math,6,3,background,4550.699999928474,images/stimuli/simple_03_A_a.gif,math,1
SS1630954126310,1,simple_dissimilar,math,6,4,background,3544.2999999523163,images/stimuli/simple_03_A_a.gif,math,1
SS1630954150612,1,complex_dissimilar,math,4,1,background,3663.300000011921,images/stimuli/complex_18_A_a.gif,math,1
SS1630954150612,1,complex_dissimilar,math,4,2,background,3784.699999988079,images/stimuli/complex_18_A_a.gif,math,1
SS1630954320000,1,simple_dissimilar,math,4,1,background,551,images/stimuli/simple_17_A_a.gif,math,1
SS1630954320000,1,simple_dissimilar,math,4,2,background,2392,images/stimuli/simple_17_A_a.gif,math,1
SS1630954339434,1,simple_dissimilar,math,6,1,background,6548.700000000186,images/stimuli/simple_11_A_a.gif,math,1
SS1630954339434,1,simple_dissimilar,math,6,2,background,4649.9000000003725,images/stimuli/simple_11_A_a.gif,math,1
SS1630954339434,1,simple_dissimilar,math,6,3,background,8357.799999999814,images/stimuli/simple_11_A_a.gif,math,1
SS1630954339434,1,simple_dissimilar,math,6,4,background,4243.100000000559,images/stimuli/simple_11_A_a.gif,math,1
SS1630954341338,1,complex_dissimilar,math,4,1,background,15462.100000023842,images/stimuli/complex_11_A_a.gif,math,1
SS1630954341338,1,complex_dissimilar,math,4,2,background,4638.699999928474,images/stimuli/complex_11_A_a.gif,math,1
SS1630954406402,1,simple_dissimilar,math,4,1,background,11046.099999904633,images/stimuli/simple_05_A_a.gif,math,1
SS1630954406402,1,simple_dissimilar,math,4,2,background,7890,images/stimuli/simple_05_A_a.gif,math,1
SS1630954504336,1,complex_dissimilar,math,4,1,background,3158.5,images/stimuli/complex_14_A_a.gif,math,1
SS1630954504336,1,complex_dissimilar,math,4,2,background,3100.300000011921,images/stimuli/complex_14_A_a.gif,math,1
SS1630954505666,1,simple_dissimilar,math,6,1,background,4272.5,images/stimuli/simple_03_A_a.gif,math,1
SS1630954505666,1,simple_dissimilar,math,6,2,background,4448.800000011921,images/stimuli/simple_03_A_a.gif,math,1
SS1630954505666,1,simple_dissimilar,math,6,3,background,3462.7999999523163,images/stimuli/simple_03_A_a.gif,math,1
SS1630954505666,1,simple_dissimilar,math,6,4,background,6007.5,images/stimuli/simple_03_A_a.gif,math,1
SS1630954604629,1,complex_dissimilar,math,6,1,background,4282,images/stimuli/complex_09_A_a.gif,math,1
SS1630954604629,1,complex_dissimilar,math,6,2,background,2833,images/stimuli/complex_09_A_a.gif,math,1
SS1630954604629,1,complex_dissimilar,math,6,3,background,2732,images/stimuli/complex_09_A_a.gif,math,1
SS1630954604629,1,complex_dissimilar,math,6,4,background,2905,images/stimuli/complex_09_A_a.gif,math,1
SS1630954642738,1,simple_dissimilar,math,4,1,background,8575.300000190735,images/stimuli/simple_07_A_a.gif,math,1
SS1630954642738,1,simple_dissimilar,math,4,2,background,1477.9000000953674,images/stimuli/simple_07_A_a.gif,math,1
SS1630954721348,1,complex_dissimilar,math,6,1,background,8349,images/stimuli/complex_20_A_a.gif,math,1
SS1630954721348,1,complex_dissimilar,math,6,2,background,4883,images/stimuli/complex_20_A_a.gif,math,1
SS1630954721348,1,complex_dissimilar,math,6,3,background,5160,images/stimuli/complex_20_A_a.gif,math,1
SS1630954721348,1,complex_dissimilar,math,6,4,background,17433,images/stimuli/complex_20_A_a.gif,math,1
SS1630954726338,1,simple_dissimilar,math,6,1,background,11430.700000047684,images/stimuli/simple_20_A_a.gif,math,1
SS1630954726338,1,simple_dissimilar,math,6,2,background,7168.200000047684,images/stimuli/simple_20_A_a.gif,math,1
SS1630954726338,1,simple_dissimilar,math,6,3,background,5644.400000095367,images/stimuli/simple_20_A_a.gif,math,1
SS1630954726338,1,simple_dissimilar,math,6,4,background,6114.5,images/stimuli/simple_20_A_a.gif,math,1
SS1630954729160,1,simple_dissimilar,math,6,1,background,6214.300000011921,images/stimuli/simple_04_A_a.gif,math,1
SS1630954729160,1,simple_dissimilar,math,6,2,background,2781.5,images/stimuli/simple_04_A_a.gif,math,1
SS1630954729160,1,simple_dissimilar,math,6,3,background,5844.0999999940395,images/stimuli/simple_04_A_a.gif,math,1
SS1630954729160,1,simple_dissimilar,math,6,4,background,612.8999999761581,images/stimuli/simple_04_A_a.gif,math,1
SS1630954799923,1,simple_dissimilar,math,4,1,background,7539,images/stimuli/simple_01_A_a.gif,math,1
SS1630954799923,1,simple_dissimilar,math,4,2,background,9638,images/stimuli/simple_01_A_a.gif,math,1
SS1630954942940,1,complex_dissimilar,math,6,1,background,3050.400000065565,images/stimuli/complex_07_A_a.gif,math,1
SS1630954942940,1,complex_dissimilar,math,6,2,background,1768.7550000846386,images/stimuli/complex_07_A_a.gif,math,1
SS1630954942940,1,complex_dissimilar,math,6,3,background,1772.069999948144,images/stimuli/complex_07_A_a.gif,math,1
SS1630954942940,1,complex_dissimilar,math,6,4,background,1573.5650000860917,images/stimuli/complex_07_A_a.gif,math,1
SS1630954975391,1,complex_dissimilar,math,4,1,background,4308.799999999814,images/stimuli/complex_10_A_a.gif,math,1
SS1630954975391,1,complex_dissimilar,math,4,2,background,3972,images/stimuli/complex_10_A_a.gif,math,1
SS1630955052262,1,simple_dissimilar,math,6,1,background,12513.400000000373,images/stimuli/simple_11_A_a.gif,math,1
SS1630955052262,1,simple_dissimilar,math,6,2,background,582.1000000014901,images/stimuli/simple_11_A_a.gif,math,1
SS1630955052262,1,simple_dissimilar,math,6,3,background,35633.5,images/stimuli/simple_11_A_a.gif,math,1
SS1630955052262,1,simple_dissimilar,math,6,4,background,2255.5,images/stimuli/simple_11_A_a.gif,math,1
SS1630955140240,1,complex_dissimilar,math,4,1,background,6731.299999952316,images/stimuli/complex_11_A_a.gif,math,1
SS1630955140240,1,complex_dissimilar,math,4,2,background,6517.400000095367,images/stimuli/complex_11_A_a.gif,math,1
SS1630955194667,1,complex_dissimilar,math,6,1,background,8187.40000000596,images/stimuli/complex_14_A_a.gif,math,1
SS1630955194667,1,complex_dissimilar,math,6,2,background,6270.29999999702,images/stimuli/complex_14_A_a.gif,math,1
SS1630955194667,1,complex_dissimilar,math,6,3,background,2785.5,images/stimuli/complex_14_A_a.gif,math,1
SS1630955194667,1,complex_dissimilar,math,6,4,background,3722.5,images/stimuli/complex_14_A_a.gif,math,1
SS1630955209556,1,simple_dissimilar,math,4,1,background,6264.900000095367,images/stimuli/simple_11_A_a.gif,math,1
SS1630955209556,1,simple_dissimilar,math,4,2,background,2956.400000095367,images/stimuli/simple_11_A_a.gif,math,1
SS1630955385712,1,simple_dissimilar,math,4,1,background,13546,images/stimuli/simple_10_A_a.gif,math,1
SS1630955385712,1,simple_dissimilar,math,4,2,background,12543.5,images/stimuli/simple_10_A_a.gif,math,1
SS1630955391492,1,simple_dissimilar,math,6,1,background,6945.800000011921,images/stimuli/simple_20_A_a.gif,math,1
SS1630955391492,1,simple_dissimilar,math,6,2,background,4201.600000023842,images/stimuli/simple_20_A_a.gif,math,1
SS1630955391492,1,simple_dissimilar,math,6,3,background,5060,images/stimuli/simple_20_A_a.gif,math,1
SS1630955391492,1,simple_dissimilar,math,6,4,background,4179.399999976158,images/stimuli/simple_20_A_a.gif,math,1
SS1630955582815,1,simple_dissimilar,math,4,1,background,11655.800000000743,images/stimuli/simple_16_A_a.gif,math,1
SS1630955582815,1,simple_dissimilar,math,4,2,background,3028.699999999255,images/stimuli/simple_16_A_a.gif,math,1
SS1630955737024,1,simple_dissimilar,math,4,1,background,10894.399999976158,images/stimuli/simple_08_A_a.gif,math,1
SS1630955737024,1,simple_dissimilar,math,4,2,background,9948.5,images/stimuli/simple_08_A_a.gif,math,1
SS1630955858861,1,simple_dissimilar,math,4,1,background,8868.199999988079,images/stimuli/simple_02_A_a.gif,math,1
SS1630955858861,1,simple_dissimilar,math,4,2,background,5773,images/stimuli/simple_02_A_a.gif,math,1
SS1630956004245,1,complex_dissimilar,math,4,1,background,6371.699999988079,images/stimuli/complex_20_A_a.gif,math,1
SS1630956004245,1,complex_dissimilar,math,4,2,background,6601.699999988079,images/stimuli/complex_20_A_a.gif,math,1
